Emotion,File
6,misaeng.s1.e0001.sc0001.00000580.00.png
3,misaeng.s1.e0001.sc0001.00000930.01.png
4,misaeng.s1.e0001.sc0013.00000470.00.png
4,misaeng.s1.e0001.sc0013.00000610.00.png
6,misaeng.s1.e0001.sc0013.00001570.00.png
6,misaeng.s1.e0001.sc0016.00001390.00.png
6,misaeng.s1.e0001.sc0017.00000310.01.png
6,misaeng.s1.e0001.sc0017.00000560.00.png
4,misaeng.s1.e0001.sc0018.00000350.02.png
6,misaeng.s1.e0001.sc0018.00000680.00.png
0,misaeng.s1.e0001.sc0019.00001010.01.png
6,misaeng.s1.e0001.sc0019.00003670.00.png
4,misaeng.s1.e0001.sc0020.00000720.01.png
4,misaeng.s1.e0001.sc0022.00000260.00.png
6,misaeng.s1.e0001.sc0023.00000590.00.png
0,misaeng.s1.e0001.sc0026.00002210.00.png
6,misaeng.s1.e0001.sc0028.00001210.00.png
4,misaeng.s1.e0001.sc0031.00000430.00.png
4,misaeng.s1.e0001.sc0034.00000540.00.png
6,misaeng.s1.e0001.sc0035.00000600.00.png
4,misaeng.s1.e0001.sc0035.00001330.01.png
6,misaeng.s1.e0001.sc0036.00001940.00.png
6,misaeng.s1.e0001.sc0039.00000410.00.png
4,misaeng.s1.e0001.sc0040.00001450.00.png
4,misaeng.s1.e0001.sc0046.00001190.00.png
6,misaeng.s1.e0001.sc0049.00001060.00.png
4,misaeng.s1.e0001.sc0049.00001700.00.png
0,misaeng.s1.e0001.sc0052.00000240.00.png
4,misaeng.s1.e0001.sc0060.00000130.00.png
4,misaeng.s1.e0001.sc0060.00000330.00.png
4,misaeng.s1.e0001.sc0060.00000340.01.png
4,misaeng.s1.e0001.sc0063.00000390.00.png
6,misaeng.s1.e0001.sc0068.00000210.00.png
6,misaeng.s1.e0001.sc0073.00000010.00.png
3,misaeng.s1.e0001.sc0073.00000410.00.png
6,misaeng.s1.e0001.sc0079.00001450.00.png
6,misaeng.s1.e0001.sc0079.00002360.00.png
3,misaeng.s1.e0001.sc0080.00000030.00.png
6,misaeng.s1.e0001.sc0080.00002090.01.png
6,misaeng.s1.e0001.sc0080.00002110.01.png
4,misaeng.s1.e0001.sc0085.00001200.00.png
6,misaeng.s1.e0001.sc0087.00000610.00.png
4,misaeng.s1.e0001.sc0088.00000220.00.png
0,misaeng.s1.e0001.sc0088.00001960.00.png
6,misaeng.s1.e0001.sc0088.00002520.00.png
0,misaeng.s1.e0001.sc0089.00000090.01.png
0,misaeng.s1.e0001.sc0089.00000390.01.png
3,misaeng.s1.e0001.sc0090.00002170.00.png
6,misaeng.s1.e0001.sc0090.00002600.02.png
4,misaeng.s1.e0001.sc0092.00000290.00.png
3,misaeng.s1.e0001.sc0095.00000240.00.png
0,misaeng.s1.e0001.sc0102.00001070.01.png
0,misaeng.s1.e0001.sc0103.00000950.00.png
4,misaeng.s1.e0001.sc0105.00001850.00.png
4,misaeng.s1.e0001.sc0105.00001990.00.png
0,misaeng.s1.e0001.sc0105.00002210.00.png
2,misaeng.s1.e0001.sc0105.00002270.00.png
4,misaeng.s1.e0001.sc0106.00000210.00.png
6,misaeng.s1.e0001.sc0107.00000090.00.png
3,misaeng.s1.e0001.sc0108.00000390.01.png
4,misaeng.s1.e0001.sc0108.00002780.00.png
0,misaeng.s1.e0002.sc0002.00000810.00.png
0,misaeng.s1.e0002.sc0002.00000820.00.png
0,misaeng.s1.e0002.sc0002.00000880.00.png
6,misaeng.s1.e0002.sc0007.00001380.00.png
0,misaeng.s1.e0002.sc0007.00001970.00.png
0,misaeng.s1.e0002.sc0007.00002390.00.png
6,misaeng.s1.e0002.sc0008.00001510.00.png
0,misaeng.s1.e0002.sc0011.00000910.00.png
6,misaeng.s1.e0002.sc0012.00000520.00.png
3,misaeng.s1.e0002.sc0013.00000660.00.png
0,misaeng.s1.e0002.sc0013.00001270.00.png
4,misaeng.s1.e0002.sc0015.00002470.00.png
4,misaeng.s1.e0002.sc0017.00000930.00.png
6,misaeng.s1.e0002.sc0018.00000050.00.png
3,misaeng.s1.e0002.sc0021.00000300.00.png
6,misaeng.s1.e0002.sc0025.00002680.00.png
6,misaeng.s1.e0002.sc0025.00002890.00.png
4,misaeng.s1.e0002.sc0025.00003200.00.png
4,misaeng.s1.e0002.sc0027.00000210.00.png
3,misaeng.s1.e0002.sc0027.00000780.00.png
6,misaeng.s1.e0002.sc0031.00000000.00.png
5,misaeng.s1.e0002.sc0031.00001480.00.png
6,misaeng.s1.e0002.sc0035.00000650.00.png
4,misaeng.s1.e0002.sc0036.00001560.00.png
4,misaeng.s1.e0002.sc0037.00001190.00.png
6,misaeng.s1.e0002.sc0037.00001570.00.png
6,misaeng.s1.e0002.sc0037.00002650.00.png
4,misaeng.s1.e0002.sc0039.00000060.01.png
4,misaeng.s1.e0002.sc0045.00001990.00.png
4,misaeng.s1.e0002.sc0051.00000380.00.png
0,misaeng.s1.e0002.sc0052.00003440.00.png
4,misaeng.s1.e0002.sc0052.00004010.00.png
0,misaeng.s1.e0002.sc0053.00000950.00.png
0,misaeng.s1.e0002.sc0053.00001000.00.png
4,misaeng.s1.e0002.sc0054.00001380.00.png
3,misaeng.s1.e0002.sc0060.00000400.00.png
0,misaeng.s1.e0002.sc0060.00000570.00.png
4,misaeng.s1.e0002.sc0060.00000870.00.png
3,misaeng.s1.e0002.sc0061.00000440.00.png
6,misaeng.s1.e0002.sc0064.00000960.00.png
4,misaeng.s1.e0002.sc0064.00002330.00.png
4,misaeng.s1.e0002.sc0064.00002370.00.png
4,misaeng.s1.e0002.sc0065.00002250.00.png
6,misaeng.s1.e0002.sc0065.00003810.01.png
3,misaeng.s1.e0002.sc0066.00000900.00.png
4,misaeng.s1.e0002.sc0066.00000900.01.png
3,misaeng.s1.e0002.sc0067.00001240.00.png
0,misaeng.s1.e0002.sc0069.00001400.00.png
6,misaeng.s1.e0002.sc0073.00001280.00.png
6,misaeng.s1.e0003.sc0004.00000080.00.png
6,misaeng.s1.e0003.sc0004.00000280.00.png
4,misaeng.s1.e0003.sc0005.00001310.00.png
3,misaeng.s1.e0003.sc0006.00000440.00.png
6,misaeng.s1.e0003.sc0009.00000860.00.png
6,misaeng.s1.e0003.sc0010.00001700.01.png
4,misaeng.s1.e0003.sc0017.00002890.00.png
6,misaeng.s1.e0003.sc0018.00003260.00.png
2,misaeng.s1.e0003.sc0020.00002020.00.png
6,misaeng.s1.e0003.sc0021.00001770.00.png
6,misaeng.s1.e0003.sc0026.00000520.00.png
4,misaeng.s1.e0003.sc0029.00001150.00.png
3,misaeng.s1.e0003.sc0041.00000100.00.png
4,misaeng.s1.e0003.sc0042.00000340.00.png
6,misaeng.s1.e0003.sc0042.00000670.00.png
4,misaeng.s1.e0003.sc0042.00001420.00.png
6,misaeng.s1.e0003.sc0042.00002430.00.png
3,misaeng.s1.e0003.sc0043.00001650.00.png
2,misaeng.s1.e0003.sc0043.00002150.00.png
6,misaeng.s1.e0003.sc0045.00000690.00.png
6,misaeng.s1.e0003.sc0046.00000270.00.png
6,misaeng.s1.e0003.sc0047.00000250.00.png
0,misaeng.s1.e0003.sc0050.00000680.00.png
6,misaeng.s1.e0003.sc0053.00000670.00.png
4,misaeng.s1.e0003.sc0056.00000140.00.png
4,misaeng.s1.e0003.sc0056.00000160.00.png
6,misaeng.s1.e0003.sc0056.00001090.00.png
4,misaeng.s1.e0003.sc0058.00000300.00.png
4,misaeng.s1.e0003.sc0058.00001920.00.png
6,misaeng.s1.e0003.sc0058.00002980.00.png
6,misaeng.s1.e0003.sc0058.00003920.00.png
6,misaeng.s1.e0003.sc0059.00001070.00.png
6,misaeng.s1.e0003.sc0059.00001840.00.png
4,misaeng.s1.e0003.sc0059.00002130.00.png
4,misaeng.s1.e0003.sc0061.00000290.00.png
6,misaeng.s1.e0003.sc0061.00000980.00.png
0,misaeng.s1.e0003.sc0062.00000950.00.png
6,misaeng.s1.e0003.sc0067.00000150.00.png
4,misaeng.s1.e0003.sc0067.00001350.00.png
3,misaeng.s1.e0003.sc0067.00002830.00.png
6,misaeng.s1.e0003.sc0068.00002100.00.png
6,misaeng.s1.e0003.sc0068.00002550.00.png
0,misaeng.s1.e0003.sc0073.00000600.00.png
4,misaeng.s1.e0003.sc0078.00000540.00.png
6,misaeng.s1.e0003.sc0079.00001620.00.png
4,misaeng.s1.e0003.sc0080.00000420.00.png
4,misaeng.s1.e0003.sc0085.00000010.00.png
3,misaeng.s1.e0003.sc0085.00000240.00.png
0,misaeng.s1.e0003.sc0085.00000700.00.png
0,misaeng.s1.e0003.sc0085.00002210.00.png
4,misaeng.s1.e0004.sc0003.00000280.00.png
0,misaeng.s1.e0004.sc0003.00000380.00.png
4,misaeng.s1.e0004.sc0005.00000700.00.png
3,misaeng.s1.e0004.sc0008.00001260.00.png
4,misaeng.s1.e0004.sc0010.00001000.00.png
4,misaeng.s1.e0004.sc0010.00002140.00.png
0,misaeng.s1.e0004.sc0011.00000600.00.png
6,misaeng.s1.e0004.sc0011.00002850.00.png
4,misaeng.s1.e0004.sc0017.00002970.00.png
6,misaeng.s1.e0004.sc0019.00000700.00.png
6,misaeng.s1.e0004.sc0019.00000990.01.png
6,misaeng.s1.e0004.sc0019.00001750.01.png
3,misaeng.s1.e0004.sc0019.00002060.00.png
4,misaeng.s1.e0004.sc0019.00004950.02.png
6,misaeng.s1.e0004.sc0019.00005520.00.png
4,misaeng.s1.e0004.sc0019.00008630.00.png
0,misaeng.s1.e0004.sc0021.00005710.02.png
2,misaeng.s1.e0004.sc0023.00000470.00.png
4,misaeng.s1.e0004.sc0023.00000960.00.png
6,misaeng.s1.e0004.sc0023.00001770.00.png
0,misaeng.s1.e0004.sc0025.00001450.00.png
0,misaeng.s1.e0004.sc0025.00001530.00.png
3,misaeng.s1.e0004.sc0027.00000850.00.png
3,misaeng.s1.e0004.sc0027.00001100.00.png
3,misaeng.s1.e0004.sc0031.00000350.00.png
3,misaeng.s1.e0004.sc0033.00001140.00.png
6,misaeng.s1.e0004.sc0033.00002940.00.png
2,misaeng.s1.e0004.sc0033.00003110.00.png
3,misaeng.s1.e0004.sc0033.00003330.00.png
6,misaeng.s1.e0004.sc0034.00000210.01.png
4,misaeng.s1.e0004.sc0034.00000220.00.png
3,misaeng.s1.e0004.sc0034.00000260.01.png
3,misaeng.s1.e0004.sc0034.00000330.00.png
4,misaeng.s1.e0004.sc0034.00000920.00.png
4,misaeng.s1.e0004.sc0040.00002300.00.png
6,misaeng.s1.e0004.sc0040.00003620.00.png
4,misaeng.s1.e0004.sc0042.00001140.00.png
3,misaeng.s1.e0004.sc0042.00008840.00.png
6,misaeng.s1.e0004.sc0044.00000380.00.png
6,misaeng.s1.e0004.sc0044.00004160.00.png
4,misaeng.s1.e0004.sc0044.00004500.00.png
6,misaeng.s1.e0004.sc0044.00005450.00.png
3,misaeng.s1.e0004.sc0045.00001170.00.png
4,misaeng.s1.e0004.sc0046.00002450.00.png
4,misaeng.s1.e0004.sc0053.00000420.00.png
6,misaeng.s1.e0004.sc0054.00001780.00.png
4,misaeng.s1.e0004.sc0058.00002020.00.png
4,misaeng.s1.e0004.sc0058.00002100.00.png
6,misaeng.s1.e0004.sc0059.00002110.01.png
4,misaeng.s1.e0004.sc0060.00002890.00.png
3,misaeng.s1.e0004.sc0060.00003450.00.png
4,misaeng.s1.e0004.sc0061.00000550.00.png
4,misaeng.s1.e0004.sc0061.00001270.00.png
0,misaeng.s1.e0004.sc0062.00000920.01.png
4,misaeng.s1.e0004.sc0062.00001310.01.png
6,misaeng.s1.e0004.sc0062.00001780.00.png
4,misaeng.s1.e0004.sc0062.00003060.00.png
6,misaeng.s1.e0005.sc0008.00000600.00.png
6,misaeng.s1.e0005.sc0008.00001180.00.png
3,misaeng.s1.e0005.sc0008.00001200.00.png
3,misaeng.s1.e0005.sc0008.00001310.01.png
3,misaeng.s1.e0005.sc0008.00001570.00.png
3,misaeng.s1.e0005.sc0008.00001680.01.png
6,misaeng.s1.e0005.sc0010.00000400.00.png
4,misaeng.s1.e0005.sc0010.00001620.00.png
4,misaeng.s1.e0005.sc0015.00002340.00.png
4,misaeng.s1.e0005.sc0018.00000550.01.png
4,misaeng.s1.e0005.sc0020.00000610.00.png
4,misaeng.s1.e0005.sc0020.00000770.01.png
0,misaeng.s1.e0005.sc0021.00001740.00.png
6,misaeng.s1.e0005.sc0024.00001850.02.png
4,misaeng.s1.e0005.sc0025.00000660.00.png
6,misaeng.s1.e0005.sc0025.00000760.00.png
6,misaeng.s1.e0005.sc0025.00001150.00.png
6,misaeng.s1.e0005.sc0028.00001170.01.png
4,misaeng.s1.e0005.sc0029.00000060.00.png
4,misaeng.s1.e0005.sc0030.00000490.00.png
4,misaeng.s1.e0005.sc0032.00000470.00.png
4,misaeng.s1.e0005.sc0032.00000540.00.png
4,misaeng.s1.e0005.sc0032.00001060.00.png
6,misaeng.s1.e0005.sc0035.00000050.00.png
4,misaeng.s1.e0005.sc0042.00000540.00.png
6,misaeng.s1.e0005.sc0043.00002760.00.png
6,misaeng.s1.e0005.sc0043.00002850.00.png
4,misaeng.s1.e0005.sc0043.00003460.00.png
4,misaeng.s1.e0005.sc0043.00003520.00.png
6,misaeng.s1.e0005.sc0043.00003970.00.png
6,misaeng.s1.e0005.sc0043.00005240.00.png
0,misaeng.s1.e0005.sc0043.00006410.00.png
3,misaeng.s1.e0005.sc0043.00006700.00.png
6,misaeng.s1.e0005.sc0043.00006910.00.png
6,misaeng.s1.e0005.sc0046.00000270.00.png
4,misaeng.s1.e0005.sc0047.00000070.00.png
6,misaeng.s1.e0005.sc0047.00000460.00.png
4,misaeng.s1.e0005.sc0048.00000310.00.png
4,misaeng.s1.e0005.sc0048.00000720.00.png
6,misaeng.s1.e0005.sc0048.00001040.00.png
6,misaeng.s1.e0005.sc0050.00000780.00.png
4,misaeng.s1.e0005.sc0064.00000390.00.png
6,misaeng.s1.e0005.sc0068.00000690.00.png
4,misaeng.s1.e0005.sc0069.00000670.00.png
6,misaeng.s1.e0005.sc0069.00001220.02.png
4,misaeng.s1.e0005.sc0070.00000960.00.png
6,misaeng.s1.e0005.sc0077.00000490.00.png
0,misaeng.s1.e0005.sc0077.00001440.00.png
2,misaeng.s1.e0005.sc0077.00002640.00.png
6,misaeng.s1.e0005.sc0078.00002130.00.png
3,misaeng.s1.e0005.sc0080.00000640.00.png
4,misaeng.s1.e0005.sc0081.00001860.00.png
3,misaeng.s1.e0005.sc0083.00000730.00.png
4,misaeng.s1.e0005.sc0085.00000510.00.png
6,misaeng.s1.e0005.sc0088.00000310.00.png
6,misaeng.s1.e0005.sc0089.00003160.00.png
0,misaeng.s1.e0005.sc0090.00001660.00.png
4,misaeng.s1.e0005.sc0100.00000150.00.png
3,misaeng.s1.e0006.sc0004.00000540.00.png
6,misaeng.s1.e0006.sc0007.00000830.00.png
6,misaeng.s1.e0006.sc0009.00000650.00.png
6,misaeng.s1.e0006.sc0009.00000800.00.png
6,misaeng.s1.e0006.sc0009.00001750.00.png
4,misaeng.s1.e0006.sc0009.00002170.00.png
4,misaeng.s1.e0006.sc0009.00002370.00.png
0,misaeng.s1.e0006.sc0010.00000340.00.png
6,misaeng.s1.e0006.sc0010.00000450.00.png
0,misaeng.s1.e0006.sc0010.00000760.00.png
4,misaeng.s1.e0006.sc0010.00002690.00.png
6,misaeng.s1.e0006.sc0012.00000320.00.png
4,misaeng.s1.e0006.sc0013.00000130.00.png
4,misaeng.s1.e0006.sc0013.00000470.00.png
0,misaeng.s1.e0006.sc0013.00000550.00.png
6,misaeng.s1.e0006.sc0013.00001320.00.png
3,misaeng.s1.e0006.sc0015.00001180.01.png
4,misaeng.s1.e0006.sc0017.00003420.00.png
6,misaeng.s1.e0006.sc0017.00003650.00.png
4,misaeng.s1.e0006.sc0018.00000280.01.png
6,misaeng.s1.e0006.sc0019.00000390.00.png
4,misaeng.s1.e0006.sc0021.00000680.00.png
6,misaeng.s1.e0006.sc0023.00000150.00.png
6,misaeng.s1.e0006.sc0023.00000330.00.png
4,misaeng.s1.e0006.sc0025.00001880.00.png
4,misaeng.s1.e0006.sc0025.00002150.01.png
4,misaeng.s1.e0006.sc0029.00001000.00.png
4,misaeng.s1.e0006.sc0031.00002060.00.png
6,misaeng.s1.e0006.sc0032.00000220.00.png
4,misaeng.s1.e0006.sc0033.00000700.00.png
0,misaeng.s1.e0006.sc0035.00000400.01.png
4,misaeng.s1.e0006.sc0035.00000450.00.png
6,misaeng.s1.e0006.sc0042.00000180.00.png
4,misaeng.s1.e0006.sc0042.00000190.00.png
4,misaeng.s1.e0006.sc0049.00000520.00.png
6,misaeng.s1.e0006.sc0053.00000680.00.png
4,misaeng.s1.e0006.sc0054.00000190.00.png
6,misaeng.s1.e0006.sc0054.00001390.01.png
6,misaeng.s1.e0006.sc0055.00002000.00.png
6,misaeng.s1.e0006.sc0055.00002060.00.png
4,misaeng.s1.e0006.sc0056.00000630.00.png
4,misaeng.s1.e0006.sc0057.00001850.00.png
6,misaeng.s1.e0006.sc0057.00002160.00.png
6,misaeng.s1.e0006.sc0057.00002170.00.png
3,misaeng.s1.e0006.sc0057.00003670.00.png
4,misaeng.s1.e0006.sc0061.00000040.00.png
6,misaeng.s1.e0006.sc0065.00000110.01.png
2,misaeng.s1.e0006.sc0066.00000070.00.png
6,misaeng.s1.e0006.sc0066.00000190.02.png
3,misaeng.s1.e0006.sc0066.00000400.03.png
4,misaeng.s1.e0006.sc0067.00000300.00.png
4,misaeng.s1.e0006.sc0068.00000210.00.png
6,misaeng.s1.e0006.sc0070.00000030.00.png
6,misaeng.s1.e0006.sc0070.00002920.00.png
6,misaeng.s1.e0006.sc0072.00002660.00.png
4,misaeng.s1.e0006.sc0074.00000080.00.png
4,misaeng.s1.e0006.sc0075.00000080.00.png
4,misaeng.s1.e0006.sc0080.00000040.00.png
0,misaeng.s1.e0006.sc0080.00001050.00.png
3,misaeng.s1.e0006.sc0080.00005300.00.png
4,misaeng.s1.e0007.sc0003.00000160.00.png
4,misaeng.s1.e0007.sc0003.00001170.00.png
4,misaeng.s1.e0007.sc0004.00000350.01.png
4,misaeng.s1.e0007.sc0011.00000160.00.png
6,misaeng.s1.e0007.sc0011.00000200.00.png
4,misaeng.s1.e0007.sc0011.00000440.00.png
4,misaeng.s1.e0007.sc0011.00000610.00.png
3,misaeng.s1.e0007.sc0014.00000670.00.png
4,misaeng.s1.e0007.sc0014.00001980.00.png
6,misaeng.s1.e0007.sc0014.00004250.00.png
4,misaeng.s1.e0007.sc0015.00000820.00.png
4,misaeng.s1.e0007.sc0015.00001100.00.png
6,misaeng.s1.e0007.sc0016.00000880.00.png
3,misaeng.s1.e0007.sc0016.00001980.00.png
4,misaeng.s1.e0007.sc0017.00001000.00.png
4,misaeng.s1.e0007.sc0018.00000200.00.png
3,misaeng.s1.e0007.sc0018.00003010.00.png
0,misaeng.s1.e0007.sc0028.00000760.00.png
4,misaeng.s1.e0007.sc0029.00000580.00.png
3,misaeng.s1.e0007.sc0032.00000450.00.png
4,misaeng.s1.e0007.sc0032.00000910.00.png
6,misaeng.s1.e0007.sc0033.00001930.00.png
4,misaeng.s1.e0007.sc0034.00000480.01.png
4,misaeng.s1.e0007.sc0036.00000810.00.png
4,misaeng.s1.e0007.sc0036.00002050.01.png
6,misaeng.s1.e0007.sc0036.00002330.00.png
4,misaeng.s1.e0007.sc0037.00002550.00.png
3,misaeng.s1.e0007.sc0038.00000460.00.png
0,misaeng.s1.e0007.sc0041.00000430.00.png
6,misaeng.s1.e0007.sc0049.00001410.00.png
4,misaeng.s1.e0007.sc0050.00001090.00.png
3,misaeng.s1.e0007.sc0050.00001100.00.png
3,misaeng.s1.e0007.sc0051.00001550.00.png
6,misaeng.s1.e0007.sc0052.00001180.00.png
6,misaeng.s1.e0007.sc0053.00000170.01.png
4,misaeng.s1.e0007.sc0054.00000690.00.png
4,misaeng.s1.e0007.sc0054.00000880.00.png
3,misaeng.s1.e0007.sc0057.00000500.00.png
6,misaeng.s1.e0007.sc0057.00003370.01.png
6,misaeng.s1.e0007.sc0057.00004200.00.png
6,misaeng.s1.e0007.sc0057.00004770.00.png
6,misaeng.s1.e0007.sc0061.00000140.00.png
0,misaeng.s1.e0007.sc0064.00000310.00.png
4,misaeng.s1.e0007.sc0067.00000810.00.png
6,misaeng.s1.e0007.sc0067.00001050.00.png
6,misaeng.s1.e0007.sc0070.00000210.00.png
6,misaeng.s1.e0007.sc0072.00002340.00.png
4,misaeng.s1.e0007.sc0072.00003170.00.png
0,misaeng.s1.e0007.sc0072.00004230.00.png
6,misaeng.s1.e0007.sc0072.00005430.00.png
2,misaeng.s1.e0007.sc0073.00000100.00.png
2,misaeng.s1.e0007.sc0075.00000970.00.png
3,misaeng.s1.e0008.sc0006.00001110.00.png
3,misaeng.s1.e0008.sc0009.00000220.01.png
4,misaeng.s1.e0008.sc0009.00000670.00.png
6,misaeng.s1.e0008.sc0011.00000230.00.png
0,misaeng.s1.e0008.sc0015.00001670.00.png
0,misaeng.s1.e0008.sc0015.00001910.00.png
4,misaeng.s1.e0008.sc0015.00002160.00.png
4,misaeng.s1.e0008.sc0016.00000680.00.png
4,misaeng.s1.e0008.sc0016.00001740.01.png
5,misaeng.s1.e0008.sc0017.00000430.02.png
4,misaeng.s1.e0008.sc0018.00004300.00.png
6,misaeng.s1.e0008.sc0020.00001100.00.png
6,misaeng.s1.e0008.sc0021.00000610.01.png
3,misaeng.s1.e0008.sc0021.00001510.01.png
3,misaeng.s1.e0008.sc0023.00000640.00.png
4,misaeng.s1.e0008.sc0026.00001570.00.png
6,misaeng.s1.e0008.sc0029.00003670.00.png
6,misaeng.s1.e0008.sc0029.00004780.00.png
4,misaeng.s1.e0008.sc0030.00000700.00.png
4,misaeng.s1.e0008.sc0033.00000160.00.png
3,misaeng.s1.e0008.sc0034.00000640.00.png
6,misaeng.s1.e0008.sc0035.00000700.00.png
3,misaeng.s1.e0008.sc0037.00000420.00.png
4,misaeng.s1.e0008.sc0037.00001080.00.png
0,misaeng.s1.e0008.sc0042.00001210.00.png
4,misaeng.s1.e0008.sc0045.00001440.00.png
3,misaeng.s1.e0008.sc0047.00001110.00.png
6,misaeng.s1.e0008.sc0055.00007430.00.png
6,misaeng.s1.e0008.sc0059.00002470.00.png
6,misaeng.s1.e0008.sc0060.00002720.00.png
6,misaeng.s1.e0008.sc0066.00000870.00.png
0,misaeng.s1.e0008.sc0066.00000900.00.png
6,misaeng.s1.e0008.sc0068.00000910.00.png
6,misaeng.s1.e0008.sc0070.00000290.00.png
6,misaeng.s1.e0008.sc0070.00000760.00.png
6,misaeng.s1.e0008.sc0071.00000260.00.png
0,misaeng.s1.e0008.sc0071.00000940.00.png
4,misaeng.s1.e0008.sc0071.00000970.00.png
4,misaeng.s1.e0008.sc0071.00000980.00.png
4,misaeng.s1.e0008.sc0076.00000600.00.png
2,misaeng.s1.e0009.sc0002.00000700.01.png
4,misaeng.s1.e0009.sc0002.00000990.01.png
4,misaeng.s1.e0009.sc0002.00001250.01.png
4,misaeng.s1.e0009.sc0004.00000380.00.png
6,misaeng.s1.e0009.sc0005.00002390.00.png
0,misaeng.s1.e0009.sc0008.00000240.00.png
4,misaeng.s1.e0009.sc0008.00000640.00.png
6,misaeng.s1.e0009.sc0009.00001130.00.png
0,misaeng.s1.e0009.sc0010.00000700.00.png
4,misaeng.s1.e0009.sc0010.00001270.00.png
6,misaeng.s1.e0009.sc0010.00001460.00.png
6,misaeng.s1.e0009.sc0010.00002200.00.png
6,misaeng.s1.e0009.sc0010.00002990.00.png
4,misaeng.s1.e0009.sc0011.00000470.00.png
4,misaeng.s1.e0009.sc0015.00000200.00.png
6,misaeng.s1.e0009.sc0015.00002400.00.png
4,misaeng.s1.e0009.sc0015.00002450.00.png
6,misaeng.s1.e0009.sc0015.00002530.00.png
4,misaeng.s1.e0009.sc0018.00000590.00.png
4,misaeng.s1.e0009.sc0018.00001190.00.png
4,misaeng.s1.e0009.sc0018.00001470.01.png
3,misaeng.s1.e0009.sc0019.00002090.00.png
4,misaeng.s1.e0009.sc0019.00002260.00.png
6,misaeng.s1.e0009.sc0021.00000180.00.png
4,misaeng.s1.e0009.sc0028.00000320.00.png
6,misaeng.s1.e0009.sc0028.00000840.00.png
6,misaeng.s1.e0009.sc0028.00001520.00.png
4,misaeng.s1.e0009.sc0028.00002860.00.png
3,misaeng.s1.e0009.sc0029.00000020.00.png
4,misaeng.s1.e0009.sc0029.00000040.00.png
4,misaeng.s1.e0009.sc0029.00000670.00.png
4,misaeng.s1.e0009.sc0030.00000920.01.png
3,misaeng.s1.e0009.sc0030.00001620.00.png
6,misaeng.s1.e0009.sc0030.00001830.00.png
4,misaeng.s1.e0009.sc0030.00002630.00.png
0,misaeng.s1.e0009.sc0036.00000630.00.png
6,misaeng.s1.e0009.sc0036.00003260.00.png
6,misaeng.s1.e0009.sc0036.00004210.00.png
4,misaeng.s1.e0009.sc0036.00004230.00.png
4,misaeng.s1.e0009.sc0036.00004300.00.png
6,misaeng.s1.e0009.sc0038.00000890.00.png
6,misaeng.s1.e0009.sc0040.00000840.00.png
4,misaeng.s1.e0009.sc0041.00000240.00.png
4,misaeng.s1.e0009.sc0042.00000340.00.png
3,misaeng.s1.e0009.sc0042.00000950.00.png
0,misaeng.s1.e0009.sc0042.00002390.00.png
0,misaeng.s1.e0009.sc0042.00002400.00.png
6,misaeng.s1.e0009.sc0042.00002610.00.png
6,misaeng.s1.e0009.sc0042.00003420.00.png
6,misaeng.s1.e0009.sc0043.00001130.00.png
4,misaeng.s1.e0009.sc0044.00001750.01.png
6,misaeng.s1.e0009.sc0045.00001430.00.png
4,misaeng.s1.e0009.sc0048.00000050.00.png
4,misaeng.s1.e0009.sc0048.00000810.00.png
6,misaeng.s1.e0009.sc0049.00000250.00.png
4,misaeng.s1.e0009.sc0051.00002100.00.png
6,misaeng.s1.e0009.sc0054.00002420.00.png
4,misaeng.s1.e0009.sc0055.00000900.00.png
4,misaeng.s1.e0009.sc0057.00000240.00.png
0,misaeng.s1.e0009.sc0057.00000960.00.png
4,misaeng.s1.e0009.sc0057.00008000.00.png
6,misaeng.s1.e0009.sc0061.00000560.00.png
6,misaeng.s1.e0009.sc0061.00000940.00.png
4,misaeng.s1.e0009.sc0061.00000980.00.png
6,misaeng.s1.e0009.sc0064.00000440.00.png
4,misaeng.s1.e0009.sc0066.00000860.00.png
6,misaeng.s1.e0009.sc0069.00002290.00.png
4,misaeng.s1.e0009.sc0071.00000770.00.png
4,misaeng.s1.e0010.sc0002.00000150.00.png
6,misaeng.s1.e0010.sc0002.00000150.01.png
4,misaeng.s1.e0010.sc0004.00000010.00.png
6,misaeng.s1.e0010.sc0008.00000420.00.png
6,misaeng.s1.e0010.sc0008.00001410.00.png
6,misaeng.s1.e0010.sc0011.00000880.00.png
6,misaeng.s1.e0010.sc0011.00000930.00.png
3,misaeng.s1.e0010.sc0012.00001140.00.png
4,misaeng.s1.e0010.sc0012.00001280.01.png
2,misaeng.s1.e0010.sc0016.00001010.00.png
4,misaeng.s1.e0010.sc0017.00000370.00.png
4,misaeng.s1.e0010.sc0017.00000710.00.png
4,misaeng.s1.e0010.sc0017.00002110.00.png
6,misaeng.s1.e0010.sc0018.00002070.00.png
6,misaeng.s1.e0010.sc0018.00002180.00.png
6,misaeng.s1.e0010.sc0018.00002280.00.png
3,misaeng.s1.e0010.sc0024.00000530.00.png
6,misaeng.s1.e0010.sc0025.00000000.00.png
4,misaeng.s1.e0010.sc0027.00000160.00.png
4,misaeng.s1.e0010.sc0030.00001110.00.png
3,misaeng.s1.e0010.sc0031.00001560.00.png
4,misaeng.s1.e0010.sc0034.00001660.00.png
4,misaeng.s1.e0010.sc0035.00000090.00.png
6,misaeng.s1.e0010.sc0035.00000210.01.png
4,misaeng.s1.e0010.sc0035.00000610.00.png
4,misaeng.s1.e0010.sc0035.00001100.00.png
4,misaeng.s1.e0010.sc0041.00000120.00.png
6,misaeng.s1.e0010.sc0042.00000150.01.png
4,misaeng.s1.e0010.sc0042.00002010.00.png
6,misaeng.s1.e0010.sc0046.00000000.00.png
6,misaeng.s1.e0010.sc0050.00001250.00.png
0,misaeng.s1.e0010.sc0055.00001710.00.png
6,misaeng.s1.e0010.sc0057.00001400.00.png
6,misaeng.s1.e0010.sc0057.00002200.00.png
6,misaeng.s1.e0010.sc0057.00006880.01.png
6,misaeng.s1.e0010.sc0063.00000270.01.png
6,misaeng.s1.e0010.sc0063.00000930.01.png
0,misaeng.s1.e0010.sc0070.00000370.00.png
6,misaeng.s1.e0010.sc0071.00000610.00.png
6,misaeng.s1.e0010.sc0073.00000210.00.png
4,misaeng.s1.e0010.sc0073.00000210.01.png
4,misaeng.s1.e0010.sc0073.00000410.00.png
4,misaeng.s1.e0010.sc0073.00000690.00.png
0,misaeng.s1.e0010.sc0075.00001050.00.png
2,misaeng.s1.e0010.sc0079.00000060.00.png
4,misaeng.s1.e0010.sc0080.00000880.00.png
4,misaeng.s1.e0010.sc0080.00001020.00.png
4,misaeng.s1.e0011.sc0002.00000790.00.png
6,misaeng.s1.e0011.sc0002.00001470.01.png
6,misaeng.s1.e0011.sc0004.00000560.00.png
6,misaeng.s1.e0011.sc0004.00000990.00.png
4,misaeng.s1.e0011.sc0009.00001660.00.png
6,misaeng.s1.e0011.sc0010.00000160.00.png
4,misaeng.s1.e0011.sc0013.00003070.00.png
4,misaeng.s1.e0011.sc0013.00003710.00.png
6,misaeng.s1.e0011.sc0014.00000200.00.png
6,misaeng.s1.e0011.sc0014.00000240.00.png
6,misaeng.s1.e0011.sc0014.00000460.00.png
4,misaeng.s1.e0011.sc0014.00000900.00.png
3,misaeng.s1.e0011.sc0016.00002800.00.png
6,misaeng.s1.e0011.sc0020.00000250.01.png
4,misaeng.s1.e0011.sc0021.00000520.00.png
4,misaeng.s1.e0011.sc0031.00000300.00.png
6,misaeng.s1.e0011.sc0032.00000910.00.png
6,misaeng.s1.e0011.sc0033.00000370.00.png
3,misaeng.s1.e0011.sc0033.00000780.00.png
6,misaeng.s1.e0011.sc0034.00000910.00.png
6,misaeng.s1.e0011.sc0034.00001150.00.png
4,misaeng.s1.e0011.sc0035.00000480.00.png
4,misaeng.s1.e0011.sc0036.00002420.00.png
6,misaeng.s1.e0011.sc0040.00001580.00.png
4,misaeng.s1.e0011.sc0040.00002900.00.png
2,misaeng.s1.e0011.sc0044.00000810.01.png
6,misaeng.s1.e0011.sc0044.00001120.00.png
3,misaeng.s1.e0011.sc0044.00001500.00.png
3,misaeng.s1.e0011.sc0045.00001470.00.png
4,misaeng.s1.e0011.sc0047.00000460.00.png
6,misaeng.s1.e0011.sc0047.00000580.00.png
6,misaeng.s1.e0011.sc0047.00000750.00.png
4,misaeng.s1.e0011.sc0047.00002440.00.png
4,misaeng.s1.e0011.sc0048.00000400.00.png
4,misaeng.s1.e0011.sc0049.00002630.00.png
6,misaeng.s1.e0011.sc0049.00002830.00.png
0,misaeng.s1.e0011.sc0050.00001170.00.png
0,misaeng.s1.e0011.sc0050.00001220.00.png
6,misaeng.s1.e0011.sc0053.00000880.00.png
0,misaeng.s1.e0011.sc0053.00001240.00.png
4,misaeng.s1.e0011.sc0053.00001810.00.png
4,misaeng.s1.e0011.sc0053.00002180.00.png
2,misaeng.s1.e0011.sc0053.00002860.00.png
4,misaeng.s1.e0011.sc0053.00003730.00.png
6,misaeng.s1.e0011.sc0060.00001070.00.png
6,misaeng.s1.e0011.sc0062.00000030.00.png
4,misaeng.s1.e0011.sc0064.00000690.00.png
6,misaeng.s1.e0011.sc0064.00000990.00.png
6,misaeng.s1.e0011.sc0064.00001400.00.png
6,misaeng.s1.e0011.sc0066.00001220.00.png
3,misaeng.s1.e0011.sc0067.00000080.00.png
4,misaeng.s1.e0011.sc0070.00000260.00.png
3,misaeng.s1.e0011.sc0071.00000170.00.png
6,misaeng.s1.e0011.sc0074.00000280.00.png
6,misaeng.s1.e0011.sc0074.00000330.00.png
4,misaeng.s1.e0011.sc0075.00000560.00.png
6,misaeng.s1.e0011.sc0075.00000580.00.png
6,misaeng.s1.e0011.sc0075.00000610.00.png
4,misaeng.s1.e0011.sc0075.00003400.00.png
